,sku,remaining_stock,cost_price,notation_3,name,minimum_group_price,minimum_markup,weight,name_of_shop,settlement_price,automatic_price_management,length,group_sellers_amount,price_before_discount,manual_control_min_price,width,parches,profit,id,height,settlement_price_factor,payback,volume_from_yandex,volume,notation_1,photo,notation_2
0,0020110,0,225.0,,Топор мини 520 г кованая сталь с деревянной ручкой удалец Skrab 20110,0.0,200.0,0.7,,540.0,True,19.0,0,648.0,False,5.0,45.0,215.0,2,21.0,2.4,104.6511627907,0.0,19.95,,,
1,0020111,0,395.0,,Плотницкий топор SKRAB 20111 бежевый,0.0,200.0,0.8,,948.0,True,30.0,0,1137.6,False,20.0,79.0,453.0,3,5.0,2.4,87.1964679912,0.0,30.0,,,
2,0020112,0,75.0,,Плотницкий топор SKRAB 20112 бежевый,0.0,200.0,0.8,,380.0,True,41.0,0,456.0,False,17.0,15.0,205.0,4,3.0,2.4,36.5853658537,0.0,20.91,,https://avatars.mds.yandex.net/get-marketpic/6727891/pic46b03549bc42da596314c6dc25ce30b7/orig,
3,0020113,1,70.0,,Плотницкий топор SKRAB 20113 бежевый,0.0,200.0,1.322,,368.0,True,42.4,0,441.6,False,21.3,14.0,198.0,5,3.9,2.4,35.3535353535,0.0,35.22168,,https://avatars.mds.yandex.net/get-marketpic/6727891/pic46b03549bc42da596314c6dc25ce30b7/orig,
4,0020118,1,250.0,,Столярный топор SKRAB 20118 бежевый,0.0,200.0,1.5,,600.0,True,50.0,0,720.0,False,30.0,50.0,250.0,6,5.0,2.4,100.0,0.0,75.0,,https://avatars.mds.yandex.net/get-marketpic/6410229/pic8332654d246e66a653b39f365879f17a/orig,
5,0020141,4,465.0,,Плотницкий топор SKRAB 20141 зелено-черный,0.0,200.0,0.935,,1116.0,True,35.0,0,1339.2,False,15.0,93.0,551.0,7,2.0,2.4,84.3920145191,0.0,10.5,,,
6,0020149,1,25.0,,Колун SKRAB 20149 зеленый,0.0,200.0,2.86,,260.0,True,85.0,0,312.0,False,20.0,5.0,135.0,8,3.5,2.4,18.5185185185,0.0,59.5,,,
7,0020341,0,300.0,,Топор 630-950г 450 мм фибергласс SKRAB 20341,0.0,200.0,1.135,,720.0,True,20.3,0,864.0,False,53.3,60.0,320.0,9,3.5,2.4,93.75,0.0,37.86965,,,
8,0020342,0,400.0,,"Топор кованный Fiber 820г 23,5"" 610мм 20342",0.0,200.0,3.0,,960.0,True,67.0,0,1152.0,False,20.0,80.0,460.0,10,3.0,2.4,86.9565217391,0.0,40.2,,,
9,0020346,0,225.0,,"Топор-колун кованный Fiber 1000г 28"" 720мм 20346",0.0,200.0,1.819,,540.0,True,19.5,0,648.0,False,78.8,45.0,215.0,11,4.4,2.4,104.6511627907,0.0,67.6104,,,
10,0024051,0,220.0,,Ножницы по металлу пряморежущие 300мм (желтые) 24051,0.0,200.0,0.35,,528.0,True,35.0,0,633.6,False,6.0,44.0,208.0,12,3.5,2.4,105.7692307692,0.0,7.35,,https://avatars.mds.yandex.net/get-marketpic/8271420/pice0b56bbf5d136e6e9b3f7bc2c4d86dec/orig,
11,0027033,0,165.0,,"Метла SKRAB круглая (27033), зеленый",0.0,200.0,0.42,,596.0,True,40.0,0,715.2,False,15.0,33.0,331.0,13,15.0,2.4,49.8489425982,0.0,90.0,,https://avatars.mds.yandex.net/get-marketpic/1601096/picb9d8fa50b52e84e04afc822ee3a92bc1/orig,
12,0027035,0,165.0,,"Метла SKRAB плоская (27035), черный",0.0,200.0,0.47,,596.0,True,38.0,0,715.2,False,21.0,33.0,331.0,14,2.0,2.4,49.8489425982,0.0,15.96,,https://avatars.mds.yandex.net/get-marketpic/6218796/pic24b2317d3144f6c516790ba0c7bdaaab/orig,
13,0027681,9,110.0,, Перчатки нейлон с полиуретан. покрытием 8/M BLACK,0.0,200.0,0.03,,464.0,True,25.0,0,556.8,False,10.0,22.0,254.0,15,1.0,2.4,43.3070866142,0.0,2.5,,https://avatars.mds.yandex.net/get-marketpic/7543947/pic2ea4e412f3af19c3d100a31ddc8b2d3a/orig,
14,0027682,16,310.0,,Перчатки нейлон с полиуретан. покрытием 9/L BLACK,0.0,200.0,0.057,,744.0,True,13.8,0,892.8,False,17.8,62.0,334.0,16,0.3,2.4,92.8143712575,0.0,0.73692,,https://avatars.mds.yandex.net/get-marketpic/7362781/picf2bccae4a9bbf0e7e4bcad7887f45788/orig,
15,0027683,12,175.0,,Перчатки нейлон с полиуретан. покрытием 10/XL BLACK,0.0,200.0,0.3,,620.0,True,28.0,0,744.0,False,12.0,35.0,345.0,17,1.0,2.4,50.7246376812,0.0,3.36,,https://avatars.mds.yandex.net/get-marketpic/4367487/pic5f28bb37ccc3fbf8899add5f7fbb37d2/orig,
16,0027691,12,255.0,,Перчатки полиэстер с нитрил. прозрач покрытием 7/S,0.0,200.0,0.08,,612.0,True,21.0,0,734.4,False,12.0,51.0,257.0,18,4.0,2.4,99.2217898833,0.0,10.08,,https://avatars.mds.yandex.net/get-marketpic/6026574/pic8eb92bcd49619915f4a5ddc8da292431/orig,
17,0027692,9,140.0,,Перчатки полиэстер с нитрил. прозрачным покрытием 8/M 27692,0.0,200.0,0.03,,536.0,True,10.0,0,643.2,False,1.0,28.0,296.0,19,25.0,2.4,47.2972972973,0.0,2.5,,https://avatars.mds.yandex.net/get-marketpic/6026574/pic8eb92bcd49619915f4a5ddc8da292431/orig,
18,0028000,1,275.0,,Сучкорез SKRAB 28000 черный/оранжевый,0.0,200.0,0.5,,660.0,True,27.0,0,792.0,False,9.0,55.0,285.0,20,2.5,2.4,96.4912280702,0.0,6.075,,,
19,0028013,7,120.0,,Садовые ножницы SKRAB 28013 черный,0.0,200.0,0.44,,488.0,True,30.0,0,585.6,False,10.0,24.0,268.0,21,3.0,2.4,44.776119403,0.0,9.0,,https://avatars.mds.yandex.net/get-marketpic/12180371/picf47953ffc67e3b3cab6d17573a28bef8/orig,
20,0028040,0,70.0,,Сучкорез SKRAB 28040 черный/оранжевый,0.0,200.0,1.05,,368.0,True,56.0,0,441.6,False,32.0,14.0,198.0,22,5.0,2.4,35.3535353535,0.0,89.6,,,
21,0028041,5,360.0,,Кусторез SKRAB 28041 черный,0.0,200.0,0.925,,864.0,True,54.0,0,1036.8,False,21.0,72.0,404.0,23,4.0,2.4,89.1089108911,0.0,45.36,,,
22,0028042,0,350.0,,Сучкорез SKRAB 28042 черный/оранжевый,0.0,200.0,1.05,,840.0,True,65.0,0,1008.0,False,32.0,70.0,390.0,24,5.0,2.4,89.7435897436,0.0,104.0,,https://avatars.mds.yandex.net/get-marketpic/5514068/pice8e3083ba982e1ad9c1b2604c2c0f404/orig,
23,0028051,0,180.0,,Грабли веерные SKRAB 28051 (23 зубца) без черенка,0.0,200.0,0.35,,632.0,True,55.0,0,758.4,False,30.0,36.0,352.0,25,4.0,2.4,51.1363636364,0.0,66.0,,,
24,0028052,0,260.0,,Грабли веерные SKRAB 28052 (27 зубцов) без черенка,0.0,200.0,0.35,,624.0,True,59.0,0,748.8,False,42.0,52.0,264.0,26,5.0,2.4,98.4848484848,0.0,123.9,,https://avatars.mds.yandex.net/get-marketpic/7434999/pic7e9ac4e90f6450db2df7598e79d7077a/orig,
25,0028053,0,410.0,,Грабли веерные SKRAB 28053 (20 зубцов) без черенка,0.0,200.0,0.215,,984.0,True,42.0,0,1180.8,False,41.5,82.0,474.0,27,5.0,2.4,86.4978902954,0.0,87.15,,,
26,0028069,0,470.0,,Тяпка SKRAB 28069,0.0,200.0,0.5,,1128.0,True,22.0,0,1353.6,False,15.0,94.0,558.0,28,6.0,2.4,84.229390681,0.0,19.8,,https://avatars.mds.yandex.net/get-marketpic/8150520/picf7465f1e7d592e95c38045f3620c8159/orig,
27,0028071,3,435.0,,Тяпка SKRAB 28071 оранжевый,0.0,200.0,0.3,,1044.0,True,37.0,0,1252.8,False,10.0,87.0,509.0,29,5.0,2.4,85.4616895874,0.0,18.5,,,
28,0028072,0,335.0,,"Тяпка косая, плоскорез SKRAB 28072 оранжевый ",0.0,200.0,0.25,,804.0,True,38.0,0,964.8,False,13.0,67.0,369.0,30,9.0,2.4,90.7859078591,0.0,44.46,,https://avatars.mds.yandex.net/get-marketpic/226074/pic4608db980876c3e9159d2dcbc3eb3595/orig,
29,0028073,12,460.0,,"Тяпка косая, плоскорез, нержавейка SKRAB 28073 оранжевый, для левшей",0.0,200.0,0.19,,1104.0,True,38.0,0,1324.8,False,0.8,92.0,544.0,31,10.0,2.4,84.5588235294,0.0,3.04,,,
30,0028088,2,435.0,,Тяпка SKRAB 28088,0.0,200.0,0.36,,1044.0,True,12.5,0,1252.8,False,5.0,87.0,509.0,32,16.5,2.4,85.4616895874,0.0,10.3125,,,
31,0028101,6,120.0,,Лопата штыковая SKRAB 28101 без черенка,0.0,200.0,1.0,,488.0,True,39.0,0,585.6,False,22.0,24.0,268.0,33,4.0,2.4,44.776119403,0.0,34.32,,https://avatars.mds.yandex.net/get-marketpic/4503252/pic72869554e90bd5942308363109c16aac/orig,
32,0028103,12,250.0,,Лопата совковая SKRAB 28103 без черенка,0.0,200.0,0.8,,600.0,True,35.0,0,720.0,False,24.0,50.0,250.0,34,8.0,2.4,100.0,0.0,67.2,,,
33,0028109,0,310.0,,Лопата совковая (автомобильная) универсальная туристическая мини деревянная ручка Skrab 28109 76 см,0.0,200.0,0.86,,744.0,True,76.0,0,892.8,False,15.5,62.0,334.0,35,5.5,2.4,92.8143712575,0.0,64.79,,https://avatars.mds.yandex.net/get-marketpic/4443900/pica96859f372de3baa5c3dd2b10296fadf/orig,
34,0028110,0,390.0,,Лопата автомобильная универсальная штыковая  мини с черенком SKRAB 28110 76 см,0.0,200.0,0.82,,936.0,True,76.0,0,1123.2,False,15.0,78.0,446.0,36,5.0,2.4,87.4439461883,0.0,57.0,,https://avatars.mds.yandex.net/get-marketpic/11935950/pic0a3fb43f32aded610c1cf7fe7d2058dd/orig,
35,0028114,0,30.0,,Лопата штыковая SKRAB 28114 без черенка,0.0,200.0,0.8,,272.0,True,37.0,0,326.4,False,16.0,6.0,142.0,37,5.0,2.4,21.1267605634,0.0,29.6,,,
36,0028120,0,365.0,,Лопата штыковая универсальная SKRAB 28120 без черенка с зубцами,0.0,200.0,0.92,,876.0,True,42.0,0,1051.2,False,23.0,73.0,411.0,38,10.0,2.4,88.8077858881,0.0,96.6,,https://avatars.mds.yandex.net/get-marketpic/7012904/pic516a4916c6a9e624c0f58a6956c4a68d/orig,
37,0028124,2,140.0,,Лопата штыковая SKRAB 28124 без черенка,0.0,200.0,0.7,,536.0,True,28.0,0,643.2,False,15.0,28.0,296.0,39,3.0,2.4,47.2972972973,0.0,12.6,,,
38,0028135,0,280.0,, Грабли SKRAB витой зуб,0.0,200.0,0.5,,672.0,True,30.0,0,806.4,False,8.0,56.0,292.0,40,8.0,2.4,95.8904109589,0.0,19.2,,https://avatars.mds.yandex.net/get-marketpic/6199754/pic9e30a8c2d02d743645f12faf3064d04f/orig,
39,0028157,4,30.0,,Сучкорез SKRAB 28157 красный/серебристый,0.0,200.0,0.46,,272.0,True,73.0,0,326.4,False,12.0,6.0,142.0,41,3.0,2.4,21.1267605634,0.0,26.28,,,
40,0028158,0,460.0,,Сучкорез SKRAB 28158 серебристый,0.0,200.0,0.64,,1104.0,True,3.0,0,1324.8,False,132.0,92.0,544.0,42,12.0,2.4,84.5588235294,0.0,47.52,,,
41,0028162,0,495.0,,Сучкорез SKRAB 28162 оранжевый/серебристый,0.0,200.0,0.6,,1188.0,True,10.0,0,1425.6,False,54.0,99.0,593.0,43,5.0,2.4,83.4738617201,0.0,27.0,,https://avatars.mds.yandex.net/get-marketpic/6020920/picb840fb34be9085ee257e5e7f7e2d1a39/orig,
42,0028165,0,245.0,,Секатор SKRAB 28165 черный/оранжевый,0.0,200.0,0.43,,588.0,True,27.0,0,705.6,False,9.0,49.0,243.0,44,3.0,2.4,100.8230452675,0.0,7.29,,https://avatars.mds.yandex.net/get-marketpic/5538834/pica3052020c8c4d9b27953412fa1e2f452/orig,
43,0028168,0,445.0,,Секатор SKRAB 28168 красный/черный,0.0,200.0,0.3,,1068.0,True,20.0,0,1281.6,False,7.0,89.0,523.0,45,3.0,2.4,85.086042065,0.0,4.2,,https://avatars.mds.yandex.net/get-marketpic/9067446/picadd530d62f480fe4bc9fe0e1b6ecde8e/orig,
44,0028169,3,30.0,,Секатор SKRAB 28169 черный/серебристый,0.0,200.0,0.5,,272.0,True,27.0,0,326.4,False,11.0,6.0,142.0,46,4.0,2.4,21.1267605634,0.0,11.88,,,
45,0028171,4,40.0,,Кусторез SKRAB 28171 красный,0.0,200.0,0.54,,296.0,True,51.0,0,355.2,False,13.5,8.0,156.0,47,2.0,2.4,25.641025641,0.0,13.77,,https://avatars.mds.yandex.net/get-marketpic/7754097/picb3ea2ba95f79656bd983c64fa786adbf/orig,
46,0028172,0,45.0,,Кусторез SKRAB 28172 серебристый/красный,0.0,200.0,0.54,,308.0,True,66.0,0,369.6,False,13.5,9.0,163.0,48,3.5,2.4,27.6073619632,0.0,31.185,,,
47,0028182,0,310.0,,Секатор-ножницы SKRAB садовый изогнутые лезвия 185мм SK5 28182 оранжевый,0.0,200.0,0.25,,744.0,True,25.0,0,892.8,False,11.0,62.0,334.0,49,2.0,2.4,92.8143712575,0.0,5.5,,https://avatars.mds.yandex.net/get-marketpic/6430581/pice14f4112f1551e4ae91d938a766bf0b1/orig,
48,0028183,9,260.0,,Сучкорез SKRAB 28183 черный/оранжевый,0.0,200.0,0.3,,624.0,True,29.0,0,748.8,False,10.0,52.0,264.0,50,4.0,2.4,98.4848484848,0.0,11.6,,,
49,0028199,2,345.0,,Сучкорез SKRAB телескопический плоскостной 690-1100мм храповик HCS 28199,0.0,200.0,1.0,,828.0,True,70.0,0,993.6,False,25.0,69.0,383.0,51,5.0,2.4,90.0783289817,0.0,87.5,,https://avatars.mds.yandex.net/get-marketpic/6208653/picbe434418105683b41c41100fc78fd737/orig,
50,0028200,0,235.0,,Телескопический контактный сучкорез SKRAB 690-1100мм храповый HCS 28200,0.0,200.0,0.5,,564.0,True,70.0,0,676.8,False,40.0,47.0,229.0,52,3.0,2.4,102.6200873362,0.0,84.0,,https://avatars.mds.yandex.net/get-marketpic/7180600/picf2b872fa20feb4501777212e587535b2/orig,
51,0028333,0,490.0,,Ножовка садовая 350мм/6TPI изогнутая в чехле SKRAB 28333,0.0,200.0,0.4,,1176.0,True,50.0,0,1411.2,False,5.0,98.0,586.0,53,4.0,2.4,83.6177474403,0.0,10.0,,https://avatars.mds.yandex.net/get-marketpic/7026837/pic9dd94ec22b11f8d63d96aaacbaa8a366/orig,
52,0028334,0,375.0,,"Ножовка садовая SKRAB 28334, красный",0.0,200.0,0.16,,900.0,True,2.0,0,1080.0,False,6.0,75.0,425.0,54,23.0,2.4,88.2352941176,0.0,2.76,,,
53,0028336,0,315.0,,Плодосборник-насадка садовая без ручки для телескопической пилы 28336,0.0,200.0,0.5,,756.0,True,30.0,0,907.2,False,25.0,63.0,341.0,55,15.0,2.4,92.3753665689,0.0,112.5,,https://avatars.mds.yandex.net/get-marketpic/6379564/picab5a8ba50df5e4cb7fda5c460ae20df2/orig,
54,0028344,0,110.0,,Секатор садовый 210 мм контактный SK5 Тефлон Auto Unlock Skrab 28344,0.0,200.0,0.23,,464.0,True,23.0,0,556.8,False,9.0,22.0,254.0,56,3.0,2.4,43.3070866142,0.0,6.21,,https://avatars.mds.yandex.net/get-marketpic/8613664/pic9d94cf4d0081acd005e2b2a1c472123e/orig,
55,0028349,1,100.0,,"Сучкорез садовый плоскостной 200 мм силовой, с трещоточным механизмом и пружиной SK5 Тефлон SKRAB 28349",0.0,200.0,0.3,,440.0,True,25.0,0,528.0,False,9.0,20.0,240.0,57,3.0,2.4,41.6666666667,0.0,6.75,,,
56,0028354,3,230.0,,Секатор-сучкорез контактный SKRAB 28354 оранжевый,0.0,200.0,0.4,,552.0,True,27.0,0,662.4,False,12.0,46.0,222.0,58,4.0,2.4,103.6036036036,0.0,12.96,,https://avatars.mds.yandex.net/get-marketpic/8150520/pic7b33ee271431d704533b36c774cf6ca2/orig,
57,0028387,2,430.0,,Совок посадочный широкий 290мм (Skrab) (Артикул : 28387),0.0,200.0,0.3,,1032.0,True,29.0,0,1238.4,False,13.0,86.0,502.0,59,3.0,2.4,85.6573705179,0.0,11.31,,https://avatars.mds.yandex.net/get-marketpic/6966926/pic11129243c9095b5843d3798e8b4da97a/orig,
58,0028388,0,445.0,,Совок посадочный узкий 290 мм SKRAB 28388,0.0,200.0,0.16,,1068.0,True,29.0,0,1281.6,False,7.0,89.0,523.0,60,4.0,2.4,85.086042065,0.0,8.12,,,
59,0028390,0,120.0,,Совок посадочный широкий 300мм нерж Stainless Steel SS Skrab 28390,0.0,200.0,0.45,,488.0,True,32.0,0,585.6,False,10.0,24.0,268.0,61,4.0,2.4,44.776119403,0.0,12.8,,,
60,0028391,11,40.0,,Совок посадочный узкий 300мм нерж Stainless Steel SS Skrab 28391,0.0,200.0,0.2,,296.0,True,4.0,0,355.2,False,30.0,8.0,156.0,62,9.5,2.4,25.641025641,0.0,11.4,,https://avatars.mds.yandex.net/get-marketpic/5947676/pic85eb446292fc4dc4b34be30a3226e85d/orig,
61,0028393,8,410.0,,Рыхлитель для почвы 300мм трехзубый нерж Stainless Steel SS Skrab 28393,0.0,200.0,0.22,,984.0,True,30.0,0,1180.8,False,7.0,82.0,474.0,63,6.5,2.4,86.4978902954,0.0,13.65,,https://avatars.mds.yandex.net/get-marketpic/5878722/pic2239927636e6d7d9526eeca0e2f620aa/orig,
62,0028395,0,30.0,,"Удалитель сорняков ""Ласточкин хвост"" с упором 330мм SS SKRAB 28395",0.0,200.0,0.45,,272.0,True,34.0,0,326.4,False,6.0,6.0,142.0,64,6.0,2.4,21.1267605634,0.0,12.24,,https://avatars.mds.yandex.net/get-marketpic/7328861/pica25a3f3e306ec07b3f02a4030bf109d8/orig,
63,0028396,5,275.0,,Тяпка садовая с рыхлителем 280мм 2-х сторонняя нерж Stainless Steel Lux SS Skrab 28396,0.0,200.0,0.4,,660.0,True,28.0,0,792.0,False,17.0,55.0,285.0,65,6.0,2.4,96.4912280702,0.0,28.56,,https://avatars.mds.yandex.net/get-marketpic/7381103/pic1a48c9f3c93b9229c1ea027b30d13ddb/orig,
64,0028397,12,265.0,,"Удалитель сорняков в межплиточных швах, дер. ручка SKRAB 28397",0.0,200.0,0.26,,636.0,True,28.0,0,763.2,False,7.0,53.0,271.0,66,3.0,2.4,97.7859778598,0.0,5.88,,,
65,0028398,0,385.0,,"Тяпка-плоскорез ""косая"" 320мм SS SKRAB 28398",0.0,200.0,0.4,,924.0,True,32.0,0,1108.8,False,13.0,77.0,439.0,67,7.0,2.4,87.6993166287,0.0,29.12,,https://avatars.mds.yandex.net/get-marketpic/5110263/pic9dd4373afdb6c065c0494092c2f9deb6/orig,
66,0028399,0,210.0,,Совок посадочный с зубьями узкий 300 мм SKRAB 28399,0.0,200.0,0.148,,504.0,True,31.7,0,604.8,False,7.8,42.0,194.0,68,5.6,2.4,108.2474226804,0.0,13.84656,,https://avatars.mds.yandex.net/get-marketpic/6410229/picc9527d81eb5a8315c61cf9ee7c712037/orig,
67,0028400,0,125.0,,Совок посадочный с зубьями широкий 300 мм SKRAB 28400,0.0,200.0,0.2,,500.0,True,5.0,0,600.0,False,30.0,25.0,275.0,69,7.0,2.4,45.4545454545,0.0,10.5,,https://avatars.mds.yandex.net/get-marketpic/7734962/pic6aab75b6110daed4d5799ea4ec22954b/orig,
68,0028401,11,225.0,,Совок посадочный глубокий 350 мм SS SKRAB 28401,0.0,200.0,0.329,,540.0,True,12.7,0,648.0,False,36.9,45.0,215.0,70,6.2,2.4,104.6511627907,0.0,29.05506,,https://avatars.mds.yandex.net/get-marketpic/5515263/pic7c4cc6ba2accf539e3b35a5ee37817f0/orig,
69,0028402,10,455.0,,Удалитель сорняков с зубьями универсальный 330 мм Skrab 28402,0.0,200.0,0.34,,1092.0,True,34.0,0,1310.4,False,5.0,91.0,537.0,71,4.0,2.4,84.729981378,0.0,6.8,,https://avatars.mds.yandex.net/get-marketpic/1710269/picf74c7c547bba8616169cef4b9098b240/orig,
70,0028404,5,430.0,,Серп садовый мини 320мм (Skrab) (Артикул : 28404),0.0,200.0,0.299,,1032.0,True,10.0,0,1238.4,False,2.0,86.0,502.0,72,32.1,2.4,85.6573705179,0.0,6.42,,,
71,0028409,0,390.0,,Грабли веерные пластинчатые 455 мм 18Т без рукоятки SKRAB 28409 с амортизатором,0.0,200.0,0.474,,936.0,True,47.0,0,1123.2,False,8.0,78.0,446.0,73,45.5,2.4,87.4439461883,0.0,171.08,,https://avatars.mds.yandex.net/get-marketpic/7630110/picf8b2bc94b3678e559a65cc837ac7f25e/orig,
72,0028490,0,255.0,,Сучкорез 740мм контактный с шестеренчатым механизмом SKRAB 28490,0.0,200.0,1.19,,612.0,True,79.0,0,734.4,False,26.0,51.0,257.0,74,2.0,2.4,99.2217898833,0.0,41.08,,,
73,0028491,0,215.0,,Плоскостной сучкорез с шестеренчатым механизмом 750 мм SK5 AL SKRAB 28491,0.0,200.0,1.1,,516.0,True,21.0,0,619.2,False,3.0,43.0,201.0,75,78.0,2.4,106.9651741294,0.0,49.14,,https://avatars.mds.yandex.net/get-marketpic/7012904/pic3900ab8dfc05bb3b38cadaa33565d0de/orig,
74,0028496,2,390.0,,Сучкорез 710мм плоскостной SK5 AL 28496,0.0,200.0,1.1,,936.0,True,72.0,0,1123.2,False,23.0,78.0,446.0,76,2.0,2.4,87.4439461883,0.0,33.12,,https://avatars.mds.yandex.net/get-marketpic/8167191/pic629870c3e22c135b83fcac4b9e3925c3/orig,
75,02222B01,0,210.0,,Очиститель для монтажной пены Bauset TH 500мл,0.0,200.0,0.493,,504.0,True,6.7,0,604.8,False,6.7,42.0,194.0,77,22.5,2.4,108.2474226804,0.0,10.10025,,https://avatars.mds.yandex.net/get-marketpic/6025495/pic3bb407d889b1908182a6436c1eb996f0/orig,
76,028064,0,495.0,,Грабли веерные SKRAB 28064 раздвижные,0.0,200.0,0.94,,1188.0,True,79.0,0,1425.6,False,19.0,99.0,593.0,78,6.0,2.4,83.4738617201,0.0,90.06,,,
77,20068,0,360.0,,Молоток-гвоздодер с фибер.ручкой оранж. 450г SKRAB 20068,0.0,200.0,0.45,,864.0,True,32.5,0,1036.8,False,13.5,72.0,404.0,79,3.0,2.4,89.1089108911,0.0,13.1625,,https://avatars.mds.yandex.net/get-marketpic/8963966/pic0db944891013d014b650d6c4abbffdbe/orig,
78,20069,0,290.0,,Молоток-гвоздодер с фибер.ручкой оранж. 560г SKRAB 20069,0.0,200.0,0.789,,696.0,True,2.5,0,835.2,False,34.0,58.0,306.0,80,14.0,2.4,94.7712418301,0.0,11.9,,https://avatars.mds.yandex.net/get-marketpic/1451847/picca30925b311a84697dca0cc1280954d7/orig,
79,20086,0,220.0,,Молоток кровельщика с фибер.ручкой оранж.600г SKRAB 20086,0.0,200.0,0.758,,528.0,True,30.0,0,633.6,False,15.0,44.0,208.0,81,7.0,2.4,105.7692307692,0.0,31.5,,https://avatars.mds.yandex.net/get-marketpic/8604689/picadab60d7bf0ea925e83263ebc36725c1/orig,
80,20100,1,430.0,, КИЯНКА 230 Г (БЕЛАЯ РЕЗИНА) С ФИБЕРГЛАССОВОЙ РУЧКОЙ SKRAB 20100,0.0,200.0,0.39,,1032.0,True,29.0,0,1238.4,False,8.0,86.0,502.0,82,5.0,2.4,85.6573705179,0.0,11.6,,,
81,20101,0,165.0,,КИЯНКА 340 Г (БЕЛАЯ РЕЗИНА) С ФИБЕРГЛАССОВОЙ РУЧКОЙ SKRAB 20101,0.0,200.0,0.5,,596.0,True,30.0,0,715.2,False,9.0,33.0,331.0,83,5.0,2.4,49.8489425982,0.0,13.5,,,
82,20108,2,390.0,,КИЯНКА 65 ММ 500Г БЕЛАЯ ДЕРЕВЯННАЯ РУЧКА SKRAB 20108,0.0,200.0,0.77,,936.0,True,34.0,0,1123.2,False,11.0,78.0,446.0,84,6.0,2.4,87.4439461883,0.0,22.44,,,
83,20109,2,435.0,,КИЯНКА 90 ММ 970Г БЕЛАЯ ДЕРЕВЯННАЯ РУЧКА SKRAB 20109,0.0,200.0,1.0,,1044.0,True,10.0,0,1252.8,False,10.0,87.0,509.0,85,5.0,2.4,85.4616895874,0.0,5.0,,,
84,20111,0,460.0,,"Топор 600г с деревянной ручкой ""ПЛОТНИК"" SKRAB 20111",0.0,200.0,0.8,,1104.0,True,30.0,0,1324.8,False,20.0,92.0,544.0,86,5.0,2.4,84.5588235294,0.0,30.0,,https://cdn1.ozone.ru/s3/multimedia-z/6799684895.jpg,
85,20112,0,375.0,,"Топор 800г с деревянной ручкой ""ПЛОТНИК"" SKRAB 20112",0.0,200.0,0.8,,900.0,True,41.0,0,1080.0,False,17.0,75.0,425.0,87,3.0,2.4,88.2352941176,0.0,20.91,,https://cdn1.ozone.ru/s3/multimedia-z/6799684895.jpg,
86,20113,0,425.0,,"Топор 1000г с деревянной ручкой ""ПЛОТНИК"" SKRAB 20113",0.0,200.0,1.322,,1020.0,True,42.4,0,1224.0,False,21.3,85.0,495.0,88,3.9,2.4,85.8585858586,0.0,35.22168,,https://cdn1.ozone.ru/s3/multimedia-z/6799684895.jpg,
87,20118,0,305.0,,"Топор 1250г с деревянной ручкой ""ПЛОТНИК"" SKRAB 20118",0.0,200.0,1.5,,732.0,True,50.0,0,878.4,False,30.0,61.0,327.0,89,5.0,2.4,93.2721712538,0.0,75.0,,https://cdn1.ozone.ru/s3/multimedia-8/6799684400.jpg,
88,20141,0,460.0,,Топор 600г с фибр.ручкой зелено-черный SKRAB 20141,0.0,200.0,0.935,,1104.0,True,35.0,0,1324.8,False,15.0,92.0,544.0,90,2.0,2.4,84.5588235294,0.0,10.5,,https://cdn1.ozone.ru/s3/multimedia-p/6799684453.jpg,
89,20149,0,75.0,,Топор-колун 2000г с фибр. ручкой удлиненый SKRAB 20149,0.0,200.0,2.86,,380.0,True,85.0,0,456.0,False,20.0,15.0,205.0,91,3.5,2.4,36.5853658537,0.0,59.5,,https://cdn1.ozone.ru/s3/multimedia-w/6799685828.jpg,
90,20152,0,30.0,,Кувалда с защитой 1250г дер.ручка SKRAB 20152,0.0,200.0,1.3,,272.0,True,26.0,0,326.4,False,10.0,6.0,142.0,92,4.0,2.4,21.1267605634,0.0,10.4,,https://avatars.mds.yandex.net/get-marketpic/6901655/picca1cb0e6a9d0d9325efe3462d83fd91c/orig,
91,20153,1,385.0,,Кувалда с защитой 1500г дер.ручка SKRAB 20153,0.0,200.0,1.5,,924.0,True,4.0,0,1108.8,False,11.0,77.0,439.0,93,28.0,2.4,87.6993166287,0.0,12.32,,,
92,20241,0,480.0,,Молоток 100г с фибер. ручкой оранж. SKRAB 20241,0.0,200.0,0.2,,1152.0,True,28.0,0,1382.4,False,10.0,96.0,572.0,94,2.0,2.4,83.9160839161,0.0,5.6,,,
93,20245,0,230.0,,Молоток 500г с фибер. ручкой оранж. SKRAB 20245,0.0,200.0,0.63,,552.0,True,30.0,0,662.4,False,2.0,46.0,222.0,95,10.0,2.4,103.6036036036,0.0,6.0,,,
94,20248,0,250.0,,Молоток 800г с фибер. ручкой оранж. SKRAB 20248,0.0,200.0,1.0,,600.0,True,34.0,0,720.0,False,13.0,50.0,250.0,96,3.0,2.4,100.0,0.0,13.26,,,
95,20256,1,220.0,,Кувалда 1250г с фибер. ручкой оранж. SKRAB 20256,0.0,200.0,1.44,,528.0,True,25.0,0,633.6,False,10.0,44.0,208.0,97,4.0,2.4,105.7692307692,0.0,10.0,,,
96,20340,0,150.0,,Топор 440 гр фиберглассовая ручка SKRAB 20340,0.0,200.0,0.67,,560.0,True,30.0,0,672.0,False,17.0,30.0,310.0,98,2.0,2.4,48.3870967742,0.0,10.2,,https://cdn1.ozone.ru/s3/multimedia-m/6799684846.jpg,
97,20341,0,105.0,,Топор 630 гр фиберглассовая ручка SKRAB 20341,0.0,200.0,1.135,,452.0,True,20.3,0,542.4,False,53.3,21.0,247.0,99,3.5,2.4,42.5101214575,0.0,37.86965,,https://cdn1.ozone.ru/s3/multimedia-y/6799684174.jpg,
98,20347,0,35.0,,Топор 1650 гр фиберглассовая ручка SKRAB 20347,0.0,200.0,1.7,,284.0,True,100.0,0,340.8,False,15.0,7.0,149.0,100,15.0,2.4,23.4899328859,0.0,225.0,,https://cdn1.ozone.ru/s3/multimedia-n/6799687259.jpg,
99,00027032,0,75.0,string,"Метла SKRAB круглая (27032), синий",0.0,0.0,0.38,,380.0,True,46.0,0,456.0,False,15.0,15.0,205.0,1,9.0,0.0,36.5853658537,0.0,62.1,123123123123123,https://avatars.mds.yandex.net/get-marketpic/246300/pic95e07fc2fe3cd31cd0a79ab9a19cdd44/orig,string
